{"_runtime": 55, "_timestamp": 1631880255, "conf_table": {"_type": "table-file", "path": "media/table/conf_table_33_64d53b227faa1d9af28f.table.json", "sha256": "64d53b227faa1d9af28f0039b25e56adeb64e665247c693173315a44082c2d85", "size": 182, "artifact_path": "wandb-client-artifact://nwmnf4xnsdvvf6i77br4rkq94pl8dg84n595ft232u8wonzajocno5p220veqt7np3f5icenacd0tu0bmm0oo2due18mtf9kgjp1zjkqx857a2jddczxuxoa4pei8p6h:latest/conf_table.table.json", "_latest_artifact_path": "wandb-client-artifact://nwmnf4xnsdvvf6i77br4rkq94pl8dg84n595ft232u8wonzajocno5p220veqt7np3f5icenacd0tu0bmm0oo2due18mtf9kgjp1zjkqx857a2jddczxuxoa4pei8p6h:latest/conf_table.table.json", "ncols": 3, "nrows": 4}, "_step": 35, "examples": {"_type": "table-file", "path": "media/table/examples_34_91f6e347e7ecd02507aa.table.json", "sha256": "91f6e347e7ecd02507aaae308eae951941a1290f1e97d62b6d4de16dc22ad454", "size": 1253, "artifact_path": "wandb-client-artifact://4ng2bhkl6ex511mzif1bbeb4kjpjo2lpt3kbwpn3ruqmd6ar3jtpbkmla4podkakkp9930rou7n5upvc15pjiozkktf1a6ye2xfj73c7m5wrosl2tb1d1dwbh2sef241:latest/examples.table.json", "_latest_artifact_path": "wandb-client-artifact://4ng2bhkl6ex511mzif1bbeb4kjpjo2lpt3kbwpn3ruqmd6ar3jtpbkmla4podkakkp9930rou7n5upvc15pjiozkktf1a6ye2xfj73c7m5wrosl2tb1d1dwbh2sef241:latest/examples.table.json", "ncols": 3, "nrows": 20}, "global_step": 133, "train/loss_step": 0.6526097059249878, "train/acc_step": 0.65625, "epoch": 0, "trainer/global_step": 133, "train/loss_epoch": 0.622491180896759, "train/acc_epoch": 0.6813238263130188, "valid/loss_step/epoch_0": 0.4900113642215729, "valid/loss_epoch": 0.6185094118118286, "valid/acc": 0.6912751793861389, "valid/precision_macro": 0.34563758969306946, "valid/recall_macro": 0.5, "valid/precision_micro": 0.6912751793861389, "valid/recall_micro": 0.6912751793861389, "valid/f1": 0.6912751793861389, "_wandb": {"runtime": 56}}